{"val_loss": [1.1184064648055791, 0.8349294460805735, 3.2473560673507613, 0.44387535000205935, 0.9942829414228698, 0.9563489681049099, 0.3754546944070701, 0.6595655718542878, 0.4341390062703859, 1.0153431353114901, 0.337079744018502, 0.9146121549128291, 0.4613774636732274, 0.20132740874562347, 0.8217794112673956, 0.29102071365318205, 1.4002956364622068, 0.2580764397493281, 0.19786857554040158, 0.20697388710014186, 0.2926449730133353, 0.45533307525680294, 0.3829224898402852, 0.29199520715666777, 0.22275902835050024, 0.4968620550692381, 0.2967534148902224, 0.3770740367659372, 0.14936037665993945, 0.22292307122193988, 0.14623570087410154, 0.1936427203929005, 0.20876567526475379, 0.14254778880747643, 0.16415397509148247, 0.15726789464837962, 0.1149683413353173, 0.19737990598257324, 0.189702513641748, 0.20848907978462994, 0.2257428442235643, 0.2586332416922825, 0.8115989044683063, 0.18684574065351844, 0.28121222248628513, 0.2040926082979393, 0.2812777868841761, 0.25547273709137636, 0.2205389317817724, 0.11986628761118218], "val_acc": [0.7230576444090459, 0.617794486514309, 0.5226130655138337, 0.8258145364902372, 0.5062814070351759, 0.789473683762371, 0.8505025119637725, 0.8170426065162907, 0.8831658295950099, 0.5501253137313632, 0.8718592963326517, 0.5538847122276038, 0.7600502517055626, 0.931077694235589, 0.5841708544211172, 0.8972431079188087, 0.5615577889447236, 0.919799498298712, 0.926065162459113, 0.9221105523145379, 0.9097744362396106, 0.761306532813077, 0.8045112778967186, 0.8592964815134978, 0.9135338341383109, 0.8630653261838845, 0.8358395985493385, 0.8706030147758561, 0.9473684210526315, 0.8994974871376651, 0.949874686866177, 0.9334170851276149, 0.9323308272170543, 0.9409547734200655, 0.9411027568922306, 0.9373433583959899, 0.9535175874904173, 0.9348370927318296, 0.9296482413557906, 0.9348370928812146, 0.9309045226130653, 0.880952381251151, 0.7173366841658875, 0.9385964907799149, 0.8492462316050602, 0.9436090221082357, 0.9208542710572631, 0.8884711774967069, 0.9283919589004325, 0.9586466165413534], "loss": [0.6337663180232048, 0.5552003601193428, 0.553956286289383, 0.47774523878097536, 0.4145599151772818, 0.35769358786940575, 0.41283260065317157, 0.36456759211389705, 0.335485720962286, 0.3366403484445861, 0.3012947178184986, 0.3065485167503357, 0.28742211786522276, 0.29546400779485704, 0.27326916682982577, 0.2648737413883209, 0.2736559849381447, 0.27904859283615674, 0.24836802827566862, 0.2584522564211984, 0.24418188826739787, 0.2309108601808548, 0.24719291565387233, 0.21542025588452815, 0.232598618515257, 0.24124648554623127, 0.22178051387518644, 0.21962833279308647, 0.2085846251398325, 0.21584946511983275, 0.21309095592796803, 0.2051736152395606, 0.21081526488766425, 0.18787247239425778, 0.19337372642836015, 0.19623350678384305, 0.18992207439736522, 0.19594523905962705, 0.17960476590692998, 0.18124130907179178, 0.1762907837331295, 0.19646181157226858, 0.14335302668996155, 0.17704182333871724, 0.18219217555918893, 0.1778735557794571, 0.18799799575976814, 0.16572270556353033, 0.17941342609003186, 0.17216315281658007], "acc": [0.7685, 0.793, 0.7933966984386263, 0.834, 0.8459229615105576, 0.869, 0.8365, 0.8604302151373711, 0.8655, 0.8779389695145596, 0.8815, 0.8835, 0.8894447223909978, 0.8885, 0.900950475267436, 0.901, 0.9035, 0.893946973576195, 0.905, 0.9024512257022581, 0.908, 0.9085, 0.9049524762679363, 0.917, 0.9179589795195621, 0.9125, 0.9135, 0.9149574787691869, 0.924, 0.9194597298947497, 0.931, 0.914, 0.9209604802997545, 0.927, 0.9264632316754423, 0.932, 0.930965482771188, 0.927, 0.935, 0.9319659830809475, 0.937, 0.9314657328962505, 0.9425, 0.937, 0.930965482771188, 0.9315, 0.9319659829914958, 0.9345, 0.929, 0.9399699849924963]}